vllPtvoHdKRHNueIDRY, 29/3/6, FAIT
vUihkppEdxmXchRVMkeHjoZiltyJF, 2/11/22, A_FAIRE
PaERuGYpgNfMSvkZclBEVlOoMzjXI, 23/11/23, FAIT
LXqhNCyypwCbWGeaPPBpdDCEqEi, 24/10/18, FAIT
cUHxdmIJqTULdSUyladdSZAqSc, 10/10/15, A_FAIRE
mdaKLFVDxnyGVhLmKE, 19/6/15, FAIT
jLTspJmZjwTGWppBHwwuJ, 10/12/24, FAIT
tF, 4/2/10, FAIT
QadxipfZH, 16/2/7, A_FAIRE
wlwj, 10/8/23, FAIT
EOVaTsrFesahFvysGcLCZrwr, 21/3/8, A_FAIRE
eGGTJbhVHAsvhwRmMplXLIammFcA, 7/10/13, FAIT
UUVZrJmIuJcEVZIuemrSQHtSOPDEm, 27/5/9, FAIT
UBpgFXNyCDmwzoLeasXHCW, 29/3/18, FAIT
20/1/11, A_FAIRE
JOreugEpH, 22/6/8, A_FAIRE